Company,localDate,openPrice,closePrice,highPrice,lowPrice
Samsung,2022-12-19,59500,59500,59900,59100
Samsung,2022-12-20,59000,58600,59100,58500
Samsung,2022-12-21,58700,58000,59100,58000
Samsung,2022-12-22,58100,59100,59100,58100
Samsung,2022-12-23,58200,58100,58400,57700
Samsung,2022-12-26,58000,57900,58100,57700
Samsung,2022-12-27,58000,58100,58400,57900
Samsung,2022-12-28,57600,56600,57600,56400
Samsung,2022-12-29,56000,55300,56200,55300
Samsung,2023-01-02,55500,55500,56100,55200
Samsung,2023-01-03,55400,55400,56000,54500
Samsung,2023-01-04,55700,57800,58000,55600
Samsung,2023-01-05,58200,58200,58800,57600
Samsung,2023-01-06,58300,59000,59400,57900
Samsung,2023-01-09,59700,60700,60700,59600
Samsung,2023-01-10,60200,60400,61100,59900
Samsung,2023-01-11,61000,60500,61200,60300
Samsung,2023-01-12,61100,60500,61200,59900
Samsung,2023-01-13,60500,60800,61200,60400
Samsung,2023-01-16,61300,61100,61600,60800
Samsung,2023-01-17,61200,61000,61500,60600
Samsung,2023-01-18,60700,60400,61000,59900
Samsung,2023-01-19,60500,61500,61500,60400
Samsung,2023-01-20,62100,61800,62300,61100
Samsung,2023-01-25,63500,63400,63700,63000
Samsung,2023-01-26,63800,63900,63900,63300
Samsung,2023-01-27,64400,64600,65000,63900
Samsung,2023-01-30,64900,63300,64900,63100
Samsung,2023-01-31,63500,61000,63700,61000
Samsung,2023-02-01,62600,61800,62700,61000
Samsung,2023-02-02,63200,63500,63900,62600
Samsung,2023-02-03,63900,63800,64000,63000
Samsung,2023-02-06,62800,61600,63000,61600
Samsung,2023-02-07,61900,61900,62500,61600
Samsung,2023-02-08,62800,63100,63300,62400
Samsung,2023-02-09,63000,63000,63300,62300
Samsung,2023-02-10,62600,62800,63000,62400
Samsung,2023-02-13,62900,62900,63000,62300
Samsung,2023-02-14,63600,63200,63900,63200
Samsung,2023-02-15,63900,62200,63900,62000
Samsung,2023-02-16,62500,63700,63700,62400
Samsung,2023-02-17,62900,62600,63300,62400
Samsung,2023-02-20,62900,62700,63000,61800
Samsung,2023-02-21,62700,62100,62800,62000
Samsung,2023-02-22,61500,61100,61800,61000
Samsung,2023-02-23,61700,62000,62500,61500
Samsung,2023-02-24,62300,61300,62600,61300
Samsung,2023-02-27,60800,60500,60800,60200
Samsung,2023-02-28,60800,60600,61400,60500
Samsung,2023-03-02,60900,60800,61800,60500
Samsung,2023-03-03,61000,60500,61200,60500
Samsung,2023-03-06,61100,61500,61600,60800
Samsung,2023-03-07,61400,60700,61400,60700
Samsung,2023-03-08,60100,60300,60500,59900
Samsung,2023-03-09,60500,60100,60800,59900
Samsung,2023-03-10,59500,59500,59700,59100
Samsung,2023-03-13,59900,60000,60200,59300
Samsung,2023-03-14,59400,59000,59500,59000
Samsung,2023-03-15,60000,59800,60300,59600
Samsung,2023-03-16,59200,59900,60200,59100
Samsung,2023-03-17,60800,61300,61300,60600
Samsung,2023-03-20,61100,60200,61200,60200
Samsung,2023-03-21,60500,60300,60700,60100
Samsung,2023-03-22,61000,61100,61200,60500
Samsung,2023-03-23,60600,62300,62300,60600
Samsung,2023-03-24,62700,63000,63300,62300
Samsung,2023-03-27,62600,62100,62800,62000
Samsung,2023-03-28,62400,62900,62900,62100
Samsung,2023-03-29,62500,62700,62700,62200
Samsung,2023-03-30,63700,63200,63700,63100
Samsung,2023-03-31,64000,64000,64000,63700
Samsung,2023-04-03,64000,63100,64000,63000
Samsung,2023-04-04,63400,63600,63800,62800
Samsung,2023-04-05,63700,63900,64000,63400
Samsung,2023-04-06,63500,62300,63600,62300
Samsung,2023-04-07,63800,65000,65200,63800
Samsung,2023-04-10,64800,65700,66300,64700
Samsung,2023-04-11,66200,65900,66200,65400
Samsung,2023-04-12,65800,66000,66200,65300
Samsung,2023-04-13,65600,66100,66100,65400
Samsung,2023-04-14,66600,65100,66600,65000
Samsung,2023-04-17,65000,65300,65600,64700
Samsung,2023-04-18,65900,65600,66000,64800
Samsung,2023-04-19,65500,65500,65800,65300
Samsung,2023-04-20,65100,65300,65300,64600
Samsung,2023-04-21,65800,65700,65900,65400
Samsung,2023-04-24,65300,65200,65700,64800
Samsung,2023-04-25,65300,63600,65400,63400
Samsung,2023-04-26,63600,64100,64300,63300
Samsung,2023-04-27,64100,64600,65000,63300
Samsung,2023-04-28,65200,65500,65900,65000
Samsung,2023-05-02,66000,65700,66300,65100
Samsung,2023-05-03,65100,65400,65600,64900
Samsung,2023-05-04,65600,65100,65700,64700
Samsung,2023-05-08,66300,65900,66300,65400
Samsung,2023-05-09,65800,65300,65800,65100
Samsung,2023-05-10,65500,64600,65500,64300
Samsung,2023-05-11,64700,64200,65100,64200
Samsung,2023-05-12,63700,64100,64600,63600
Samsung,2023-05-15,64100,64500,64600,63900
Samsung,2023-05-16,65800,65400,65900,65300
Samsung,2023-05-17,65900,65000,65900,64800
Samsung,2023-05-18,66000,66200,66200,65700
Samsung,2023-05-19,67800,68400,68400,67500
Samsung,2023-05-22,68400,68500,69000,68000
Samsung,2023-05-23,68500,68400,68700,68100
Samsung,2023-05-24,68100,68500,68700,68000
Samsung,2023-05-25,69900,68800,70000,68700
Samsung,2023-05-26,69800,70300,70400,69500
Samsung,2023-05-30,71300,72300,72300,71200
Samsung,2023-05-31,72400,71400,72500,71000
Samsung,2023-06-01,70900,70900,71600,70600
Samsung,2023-06-02,71700,72200,72200,71600
Samsung,2023-06-05,72700,71700,72700,71400
Samsung,2023-06-07,71300,71000,71600,70800
Samsung,2023-06-08,70400,70900,70900,70000
Samsung,2023-06-09,71100,72000,72300,70800
Samsung,2023-06-12,72100,71000,72400,70800
Samsung,2023-06-13,71700,72000,72200,71600
Samsung,2023-06-14,72100,71900,72200,71100
Samsung,2023-06-15,72100,71500,72300,71300
Samsung,2023-06-16,71800,71800,71900,70900
Samsung,2023-06-19,71300,71200,71700,70900
Samsung,2023-06-20,70700,71400,71400,70400
Samsung,2023-06-21,70700,70500,71200,70400
Samsung,2023-06-22,70200,71300,71500,70100
Samsung,2023-06-23,72000,71600,72200,71600
Samsung,2023-06-26,71700,72400,72500,71500
Samsung,2023-06-27,72500,72600,72600,72000
Samsung,2023-06-28,72600,72700,72700,72000
Samsung,2023-06-29,73100,72400,73400,72400
Samsung,2023-06-30,72500,72200,72700,71700
Samsung,2023-07-03,72700,73000,73200,72600
Samsung,2023-07-04,73400,73000,73600,72900
Samsung,2023-07-05,73000,72000,73300,71900
Samsung,2023-07-06,71900,71600,72400,71500
Samsung,2023-07-07,71100,69900,71400,69800
Samsung,2023-07-10,70000,69500,70400,69200
Samsung,2023-07-11,70200,71500,71500,70100
Samsung,2023-07-12,71200,71900,72000,71100
Samsung,2023-07-13,72400,71900,72600,71900
Samsung,2023-07-14,72500,73400,73400,72400
Samsung,2023-07-17,73200,73300,73500,72800
Samsung,2023-07-18,73200,72000,73500,72000
Samsung,2023-07-19,72700,71700,72800,71300
Samsung,2023-07-20,71100,71000,71500,70800
Samsung,2023-07-21,70400,70300,70400,69400
Samsung,2023-07-24,70100,70400,70900,69900
Samsung,2023-07-25,70000,70000,70500,69800
Samsung,2023-07-26,69800,69800,70600,68100
Samsung,2023-07-27,69900,71700,71700,69300
Samsung,2023-07-28,71800,70600,72400,70100
Samsung,2023-07-31,70900,69800,71000,69800
Samsung,2023-08-01,70100,71100,71200,70000
Samsung,2023-08-02,70700,69900,71000,69800
Samsung,2023-08-03,69900,68800,70200,68500
Samsung,2023-08-04,68800,68300,69100,68200
Samsung,2023-08-07,67700,68500,69200,67600
Samsung,2023-08-08,69000,67600,69100,67400
Samsung,2023-08-09,68000,68900,69600,67900
Samsung,2023-08-10,68300,68000,68500,67800
Samsung,2023-08-11,68400,67500,68800,67500
Samsung,2023-08-14,67500,67300,67900,66900
Samsung,2023-08-16,66700,67000,67100,66300
Samsung,2023-08-17,66300,66700,66800,66000
Samsung,2023-08-18,66000,66300,66700,65800
Samsung,2023-08-21,66600,66600,67100,66300
Samsung,2023-08-22,67200,66600,67700,66300
Samsung,2023-08-23,66700,67100,67100,66400
Samsung,2023-08-24,68300,68200,68700,67900
Samsung,2023-08-25,67100,67100,67400,66900
Samsung,2023-08-28,66800,66800,67000,66500
Samsung,2023-08-29,66900,66800,67200,66600
Samsung,2023-08-30,67300,67100,67700,67100
Samsung,2023-08-31,67100,66900,67200,66400
Samsung,2023-09-01,66800,71000,71000,66700
Samsung,2023-09-04,72900,71200,72900,70700
Samsung,2023-09-05,70900,70700,71500,70200
Samsung,2023-09-06,70700,70000,70800,69700
Samsung,2023-09-07,70000,70400,70600,69600
Samsung,2023-09-08,70200,70300,70300,69600
Samsung,2023-09-11,70400,70800,70800,70000
Samsung,2023-09-12,70800,70500,71000,70400
Samsung,2023-09-13,71100,70900,71600,70300
Samsung,2023-09-14,71200,71700,71800,70800
Samsung,2023-09-15,71700,72000,72300,71400
Samsung,2023-09-18,71300,70200,71700,70200
Samsung,2023-09-19,70400,69800,70800,69600
Samsung,2023-09-20,70000,69600,70300,69500
Samsung,2023-09-21,69200,68900,69800,68800
Samsung,2023-09-22,68300,68800,68900,68300
Samsung,2023-09-25,68500,69400,69700,68500
Samsung,2023-09-26,70000,68600,70000,68400
Samsung,2023-09-27,68600,68400,69100,68200
Samsung,2023-10-04,67400,67500,67700,66700
Samsung,2023-10-05,67300,66700,67400,66700
Samsung,2023-10-06,67100,66000,67300,66000
Samsung,2023-10-10,66200,66400,67600,66200
Samsung,2023-10-11,68600,68200,69400,67900
Samsung,2023-10-12,68600,68900,69700,68200
Samsung,2023-10-13,68000,68000,68500,67700
Samsung,2023-10-16,67900,67300,68500,66800
Samsung,2023-10-17,67700,69400,69900,67400
Samsung,2023-10-18,68900,70500,70500,68800
Samsung,2023-10-19,69700,69500,70000,69400
Samsung,2023-10-20,68900,68800,69200,68100
Samsung,2023-10-23,68700,68400,69100,68200
Samsung,2023-10-24,68700,68500,68800,67700
Samsung,2023-10-25,68800,68000,68800,67900
Samsung,2023-10-26,67000,66700,67900,66700
Samsung,2023-10-27,67100,67300,67300,66700
Samsung,2023-10-30,66800,67300,67800,66700
Samsung,2023-10-31,67600,66900,68300,66900
Samsung,2023-11-01,67500,68600,68900,67300
Samsung,2023-11-02,70000,69700,70000,69400
Samsung,2023-11-03,69700,69600,70200,69500
Samsung,2023-11-06,69800,70900,70900,69300
Samsung,2023-11-07,70600,70900,70900,70000
Samsung,2023-11-08,71300,69900,71400,69700
Samsung,2023-11-09,69900,70300,70800,69600
Samsung,2023-11-10,70000,70500,70500,69500
Samsung,2023-11-13,71300,70400,71300,70300
Samsung,2023-11-14,71000,70800,71100,70600
Samsung,2023-11-15,71600,72200,72200,71500
Samsung,2023-11-16,72500,72800,73000,72300
Samsung,2023-11-17,72300,72500,73000,72300
Samsung,2023-11-20,72100,72700,73000,72100
Samsung,2023-11-21,73100,72800,73400,72700
Samsung,2023-11-22,72200,72800,73000,71900
Samsung,2023-11-23,73000,72400,73200,72200
Samsung,2023-11-24,72400,71700,72600,71700
Samsung,2023-11-27,71500,71300,72100,71100
Samsung,2023-11-28,71400,72700,72700,71300
Samsung,2023-11-29,72400,72700,72800,72200
Samsung,2023-11-30,72700,72800,72800,72200
Samsung,2023-12-01,72400,72000,72500,71700
Samsung,2023-12-04,72800,72600,72900,72400
Samsung,2023-12-05,72300,71200,72400,71200
Samsung,2023-12-06,71800,71700,72100,71600
Samsung,2023-12-07,71800,71500,71900,71100
Samsung,2023-12-08,72100,72600,72800,71900
Samsung,2023-12-11,72800,73000,73000,72200
Samsung,2023-12-12,73300,73500,73500,73100
Samsung,2023-12-13,73300,72800,73500,72800
Samsung,2023-12-14,74100,73100,74300,72500
Samsung,2023-12-15,73800,73300,74000,73200
Samsung,2023-12-18,73300,72900,73400,72800
Samsung,2023-12-19,73000,73400,73400,72800
Samsung,2023-12-20,74200,74800,74900,73800
Samsung,2023-12-21,74600,75000,75000,74300
Samsung,2023-12-22,75800,75900,76300,75400
Samsung,2023-12-26,76100,76600,76700,75700
Samsung,2023-12-27,76700,78000,78000,76500
Samsung,2023-12-28,77700,78500,78500,77500
Samsung,2024-01-02,78200,79600,79800,78200
Samsung,2024-01-02,78200,79600,79800,78200
Samsung,2024-01-03,78500,77000,78800,77000
Samsung,2024-01-04,76100,76600,77300,76100
Samsung,2024-01-05,76700,76600,77100,76400
Samsung,2024-01-08,77000,76500,77500,76400
Samsung,2024-01-09,77400,74700,77700,74300
Samsung,2024-01-10,75000,73600,75200,73200
Samsung,2024-01-11,72900,73200,73600,72700
Samsung,2024-01-12,73000,73100,74100,72800
Samsung,2024-01-15,73200,73900,74000,73200
Samsung,2024-01-16,73500,72600,73700,72500
Samsung,2024-01-17,73100,71000,73300,71000
Samsung,2024-01-18,71600,71700,72000,70700
Samsung,2024-01-19,73500,74700,74700,73000
Samsung,2024-01-22,75900,75100,76000,75000
Samsung,2024-01-23,75700,75200,75800,74300
Samsung,2024-01-24,75200,74000,75200,73500
Samsung,2024-01-25,74200,74100,74800,73700
Samsung,2024-01-26,73700,73400,74500,73300
Samsung,2024-01-29,73800,74400,75200,73500
Samsung,2024-01-30,75000,74300,75300,73700
Samsung,2024-01-31,73400,72700,74000,72500
Samsung,2024-02-01,73000,73600,74200,72900
Samsung,2024-02-02,74000,75200,75200,73700
Samsung,2024-02-05,74200,74300,74800,73500
Samsung,2024-02-06,74300,74400,74700,73300
Samsung,2024-02-07,74600,75000,75500,74300
Samsung,2024-02-08,75000,74100,75200,73600
Samsung,2024-02-13,74800,75200,75200,74400
Samsung,2024-02-14,73700,74000,74300,73700
Samsung,2024-02-15,74200,73000,74400,73000
Samsung,2024-02-16,73300,72800,73400,72500
Samsung,2024-02-19,72800,73800,73900,72800
Samsung,2024-02-20,73700,73300,73700,72800
Samsung,2024-02-21,73400,73000,73700,72900
Samsung,2024-02-22,73800,73100,73900,72700
Samsung,2024-02-23,73600,72900,74200,72900
Samsung,2024-02-26,72300,72800,73200,72200
Samsung,2024-02-27,73100,72900,73400,72700
Samsung,2024-02-28,72900,73200,73900,72800
Samsung,2024-02-29,72600,73400,73400,72000
Samsung,2024-03-04,74300,74900,75000,74000
Samsung,2024-03-05,74600,73700,74800,73700
Samsung,2024-03-06,73200,72900,73500,72700
Samsung,2024-03-07,73100,72200,73300,72200
Samsung,2024-03-08,72800,73300,73400,72600
Samsung,2024-03-11,72900,72400,73100,72300
Samsung,2024-03-12,72600,73300,73500,72100
Samsung,2024-03-13,73700,74100,74100,73500
Samsung,2024-03-14,74400,74300,74500,73600
Samsung,2024-03-15,73400,72300,73700,72300
Samsung,2024-03-18,72600,72800,73000,72500
Samsung,2024-03-19,72300,72800,73000,71700
Samsung,2024-03-20,73700,76900,77200,73400
Samsung,2024-03-21,79200,79300,79300,77700
Samsung,2024-03-22,79600,78900,79900,77800
Samsung,2024-03-25,79600,78200,79800,77800
Samsung,2024-03-26,79700,79900,80100,79200
Samsung,2024-03-27,79200,79800,80000,79200
Samsung,2024-03-28,79400,80800,81000,79200
Samsung,2024-03-29,81200,82400,82500,80900
Samsung,2024-04-01,83200,82000,83300,82000
Samsung,2024-04-02,82900,85000,85000,82900
Samsung,2024-04-03,84300,84100,85000,83500
Samsung,2024-04-04,85200,85300,85500,84300
Samsung,2024-04-05,84500,84500,85000,83800
Samsung,2024-04-08,85200,84500,86000,84500
Samsung,2024-04-09,84500,83600,84900,83100
Samsung,2024-04-11,83200,84100,84700,82500
Samsung,2024-04-12,84700,83700,84900,83200
Samsung,2024-04-15,82900,82200,83200,81200
Samsung,2024-04-16,81200,80000,81300,79400
Samsung,2024-04-17,80700,78900,80800,78900
Samsung,2024-04-18,78800,79600,80100,78300
Samsung,2024-04-19,78300,77600,78700,76300
Samsung,2024-04-22,77400,76100,77500,75100
Samsung,2024-04-23,76400,75500,76800,75500
Samsung,2024-04-24,77500,78600,78800,77200
Samsung,2024-04-25,77300,76300,77500,76300
Samsung,2024-04-26,77800,76700,77900,76500
Samsung,2024-04-29,77400,76700,77600,76200
Samsung,2024-04-30,77000,77500,78500,76600
Samsung,2024-05-02,77600,78000,78600,77300
Samsung,2024-05-03,79000,77600,79000,77500
Samsung,2024-05-07,79600,81300,81300,79400
Samsung,2024-05-08,80800,81300,81400,80500
Samsung,2024-05-09,81100,79700,81500,79700
Samsung,2024-05-10,80400,79200,81100,78900
Samsung,2024-05-13,79400,78400,79900,77600
Samsung,2024-05-14,78600,78300,78800,77900
Samsung,2024-05-16,80200,78200,80300,78100
Samsung,2024-05-17,78600,77400,78800,77200
Samsung,2024-05-20,78100,78900,79100,77900
Samsung,2024-05-21,78500,78400,79000,78200
Samsung,2024-05-22,78100,77700,78700,77300
Samsung,2024-05-23,77700,78300,79100,77100
Samsung,2024-05-24,76800,75900,77000,75700
Samsung,2024-05-27,75300,77200,78200,74000
Samsung,2024-05-28,76500,77600,78000,76200
Samsung,2024-05-29,77700,75200,78200,75200
Samsung,2024-05-30,74800,73500,75200,73500
Samsung,2024-05-31,74500,73500,74700,73500
Samsung,2024-06-03,74400,75700,76400,74200
Samsung,2024-06-04,74900,75300,76100,74900
Samsung,2024-06-05,78000,77400,78000,76800
Samsung,2024-06-07,78400,77300,78600,77100
Samsung,2024-06-10,76100,75700,76600,75600
Samsung,2024-06-11,75900,75200,76000,75100
Samsung,2024-06-12,75300,76500,77100,75200
Samsung,2024-06-13,78400,78600,79000,77800
Samsung,2024-06-14,79700,79600,80500,79000
Samsung,2024-06-17,79200,78100,79500,78000
Samsung,2024-06-18,78700,79800,80200,78600
Samsung,2024-06-19,81100,81200,82500,80500
Samsung,2024-06-20,81500,81600,82200,81200
Samsung,2024-06-21,80700,80000,80800,80000
Samsung,2024-06-24,79700,80600,80900,79500
Samsung,2024-06-25,80600,80800,81800,80100
Samsung,2024-06-26,80100,81300,81400,79900
Samsung,2024-06-27,81300,81600,81600,80500
Samsung,2024-06-28,81900,81500,81900,80800
Samsung,2024-07-01,81500,81800,82100,81300
Samsung,2024-07-02,82500,81800,82600,81500
Samsung,2024-07-03,82300,81800,82300,81000
Samsung,2024-07-04,82900,84600,84700,82400
Samsung,2024-07-05,85600,87100,87100,85200
Samsung,2024-07-08,87900,87400,88600,86900
Samsung,2024-07-09,87800,87800,88200,86900
Samsung,2024-07-10,87600,87800,88000,87100
Samsung,2024-07-11,88500,87600,88800,86700
Samsung,2024-07-12,85900,84400,86100,84100
Samsung,2024-07-15,84700,86700,87300,84100
Samsung,2024-07-16,86900,87700,88000,86700
Samsung,2024-07-17,87100,86700,88000,86400
Samsung,2024-07-18,83800,86900,86900,83800
Samsung,2024-07-19,85600,84400,86100,84100
Samsung,2024-07-22,84400,83000,84900,82600
Samsung,2024-07-23,84200,83900,84700,83400
Samsung,2024-07-24,82900,82000,83300,81900
Samsung,2024-07-25,80400,80400,81000,80100
Samsung,2024-07-26,80700,80900,81300,80400
Samsung,2024-07-29,81600,81200,82000,81100
Samsung,2024-07-30,80400,81000,81000,80000
Samsung,2024-07-31,81200,83900,83900,80900
Samsung,2024-08-01,86000,83100,86100,83100
Samsung,2024-08-02,81000,79600,81400,79500
Samsung,2024-08-05,76700,71400,76900,70200
Samsung,2024-08-06,74900,72500,75300,72300
Samsung,2024-08-07,73000,74700,76000,72800
Samsung,2024-08-08,73200,73400,73900,72500
Samsung,2024-08-09,75700,74700,75800,74200
Samsung,2024-08-12,75200,75500,75900,74800
Samsung,2024-08-13,76500,76100,76600,75500
Samsung,2024-08-14,77400,77200,77800,77000
Samsung,2024-08-16,79400,80200,80200,78700
Samsung,2024-08-19,80100,78300,80100,78000
Samsung,2024-08-20,79500,78900,79800,78700
Samsung,2024-08-21,77900,78300,78600,77800
Samsung,2024-08-22,78700,78300,78900,77800
Samsung,2024-08-23,77700,77700,78400,77500
Samsung,2024-08-26,78100,76100,78200,76000
Samsung,2024-08-27,75700,75800,76500,75600
Samsung,2024-08-28,75800,76400,76400,75400
Samsung,2024-08-29,73600,74000,74700,73500
Samsung,2024-08-30,74400,74300,75000,74100
Samsung,2024-09-02,74500,74400,74700,73500
Samsung,2024-09-03,74100,72500,74300,72500
Samsung,2024-09-04,69800,70000,71100,69800
Samsung,2024-09-05,70100,69000,71200,69000
Samsung,2024-09-06,69100,68900,69700,68000
Samsung,2024-09-09,66900,67500,68200,66600
Samsung,2024-09-10,67000,66200,67300,66000
Samsung,2024-09-11,65100,64900,65500,64200
Samsung,2024-09-12,66000,66300,66600,65200
Samsung,2024-09-13,65000,64400,65500,64300
Samsung,2024-09-19,64000,63100,64400,62200
Samsung,2024-09-20,63800,63000,64700,63000
Samsung,2024-09-23,62300,62600,63500,62200
Samsung,2024-09-24,62800,63200,63400,62400
Samsung,2024-09-25,63800,62200,64200,62200
Samsung,2024-09-26,63900,64700,64900,63700
Samsung,2024-09-27,64700,64200,65400,64200
Samsung,2024-09-30,64200,61500,64300,61500
Samsung,2024-10-02,60500,61300,61900,59900
Samsung,2024-10-04,61000,60600,61700,60500
Samsung,2024-10-07,60200,61000,61900,59500
Samsung,2024-10-08,60000,60300,61000,59900
Samsung,2024-10-10,60100,58900,60200,58900
Samsung,2024-10-11,59100,59300,60100,59000
Samsung,2024-10-14,59500,60800,61200,59400
Samsung,2024-10-15,61100,61000,61400,60100
Samsung,2024-10-16,59400,59500,60000,59200
Samsung,2024-10-17,59400,59700,60100,59100
Samsung,2024-10-18,59900,59200,60100,59100
Samsung,2024-10-21,59000,59000,59600,58500
Samsung,2024-10-22,58800,57700,58900,57700
Samsung,2024-10-23,57500,59100,60000,57100
Samsung,2024-10-24,58200,56600,58500,56600
Samsung,2024-10-25,56000,55900,56900,55800
Samsung,2024-10-28,55700,58100,58500,55700
Samsung,2024-10-29,58000,59600,59600,57300
Samsung,2024-10-30,59100,59100,59800,58600
Samsung,2024-10-31,58500,59200,61200,58300
Samsung,2024-11-01,59000,58300,59600,58100
Samsung,2024-11-04,58600,58700,59400,58400
Samsung,2024-11-05,57800,57600,58100,57200
Samsung,2024-11-06,57600,57300,58000,56300
Samsung,2024-11-07,56900,57500,58100,56800
Samsung,2024-11-08,58000,57000,58300,57000
Samsung,2024-11-11,56700,55000,56800,55000
Samsung,2024-11-12,54600,53000,54600,53000
Samsung,2024-11-13,52000,50600,53000,50500
Samsung,2024-11-14,50200,49900,51800,49900
Samsung,2024-11-15,50300,53500,54200,50300
Samsung,2024-11-18,57000,56700,57500,55900
Samsung,2024-11-19,56500,56300,57500,55900
Samsung,2024-11-20,56100,55300,56500,54800
Samsung,2024-11-21,54900,56400,56900,54700
Samsung,2024-11-22,56000,56000,56700,55900
Samsung,2024-11-25,57400,57900,57900,56700
Samsung,2024-11-26,57900,58300,58900,57500
Samsung,2024-11-27,57700,56300,57800,56000
Samsung,2024-11-28,56000,55500,56400,55200
Samsung,2024-11-29,55100,54200,55300,53800
Samsung,2024-12-02,54300,53600,54400,53100
Samsung,2024-12-03,53100,53600,54400,53100
Samsung,2024-12-04,52000,53100,53400,52000
Samsung,2024-12-05,53200,53700,54400,53200
Samsung,2024-12-06,53900,54100,54400,52700
Samsung,2024-12-09,53500,53400,54600,53200
Samsung,2024-12-10,54500,54000,54500,53700
Samsung,2024-12-11,53600,54000,54200,53400
Samsung,2024-12-12,54000,55900,56500,53900
Samsung,2024-12-13,55800,56100,56300,55500
Samsung,2024-12-16,56300,55600,56600,55200
Samsung,2024-12-17,54700,54200,55200,54000
Samsung,2024-12-18,54100,54900,55400,54000
Samsung,2024-12-19,53500,53100,53800,53100
Samsung,2024-12-20,52700,53000,53100,51900
Samsung,2024-12-23,53400,53500,54000,53300
Samsung,2024-12-24,53700,54400,54500,53600
Samsung,2024-12-26,54500,53600,54600,53500
Samsung,2024-12-27,53500,53700,54100,53200
Samsung,2024-12-30,53300,53200,54000,53100
Samsung,2025-01-02,52700,53400,53600,52300
Samsung,2025-01-03,52800,54400,55100,52800
Samsung,2025-01-06,54400,55900,56200,54300
Samsung,2025-01-07,56800,55400,57300,55400
Samsung,2025-01-08,54800,57300,57500,54700
Samsung,2025-01-09,57600,56100,57700,56100
Samsung,2025-01-10,56100,55300,56500,55200
Samsung,2025-01-13,54600,54100,55000,54100
SK hynix,2022-12-19,78300,79000,80100,78300
SK hynix,2022-12-20,78200,78300,78900,77800
SK hynix,2022-12-21,78500,78000,79200,78000
SK hynix,2022-12-22,78500,79200,79300,77900
SK hynix,2022-12-23,77800,77800,78300,77300
SK hynix,2022-12-26,77700,77000,77700,76500
SK hynix,2022-12-27,77500,77000,77600,76500
SK hynix,2022-12-28,76800,76000,77000,75400
SK hynix,2022-12-29,75200,75000,75600,74700
SK hynix,2023-01-02,75100,75700,76700,75000
SK hynix,2023-01-03,75600,75600,76300,73100
SK hynix,2023-01-04,75400,81000,81900,75200
SK hynix,2023-01-05,83300,81400,83300,80800
SK hynix,2023-01-06,81400,83100,83600,81100
SK hynix,2023-01-09,84900,86000,86000,83500
SK hynix,2023-01-10,85500,86500,87200,85000
SK hynix,2023-01-11,87800,87300,88400,86500
SK hynix,2023-01-12,88100,86800,88100,85800
SK hynix,2023-01-13,86800,85700,87500,85400
SK hynix,2023-01-16,86000,85800,86500,84900
SK hynix,2023-01-17,86400,86000,87200,85700
SK hynix,2023-01-18,86400,85100,86500,84500
SK hynix,2023-01-19,84000,85500,85800,84000
SK hynix,2023-01-20,86300,87600,87800,86100
SK hynix,2023-01-25,92000,91400,92000,90600
SK hynix,2023-01-26,90800,92300,92300,90100
SK hynix,2023-01-27,91300,91500,92800,90300
SK hynix,2023-01-30,91300,90700,91600,90000
SK hynix,2023-01-31,90800,88500,90800,86800
SK hynix,2023-02-01,91200,91400,91400,88500
SK hynix,2023-02-02,94900,93400,94900,92700
SK hynix,2023-02-03,92400,92200,93200,91300
SK hynix,2023-02-06,91400,89100,92000,89100
SK hynix,2023-02-07,88800,90800,91200,88800
SK hynix,2023-02-08,91700,94900,95000,91600
SK hynix,2023-02-09,94800,94400,94800,92600
SK hynix,2023-02-10,94300,93500,94700,93100
SK hynix,2023-02-13,92000,90600,92000,89900
SK hynix,2023-02-14,91800,93400,93500,91600
SK hynix,2023-02-15,93800,91700,94200,91200
SK hynix,2023-02-16,91900,92900,93400,91600
SK hynix,2023-02-17,91400,92000,92700,90900
SK hynix,2023-02-20,92700,92500,93300,90700
SK hynix,2023-02-21,92500,91200,92600,90900
SK hynix,2023-02-22,89900,89100,90300,88500
SK hynix,2023-02-23,90000,92700,93700,89600
SK hynix,2023-02-24,93500,91000,94000,91000
SK hynix,2023-02-27,90100,90000,90300,89100
SK hynix,2023-02-28,91000,89400,91000,88700
SK hynix,2023-03-02,89400,88100,90300,87500
SK hynix,2023-03-03,88500,87300,89200,87200
SK hynix,2023-03-06,87900,89700,89800,87500
SK hynix,2023-03-07,89700,88900,90000,88800
SK hynix,2023-03-08,87700,86800,87800,86400
SK hynix,2023-03-09,87300,85600,87800,85300
SK hynix,2023-03-10,83800,83300,84400,83100
SK hynix,2023-03-13,83200,84300,84700,82400
SK hynix,2023-03-14,82600,81100,83000,81100
SK hynix,2023-03-15,81900,79100,82300,78800
SK hynix,2023-03-16,76700,79000,80200,76700
SK hynix,2023-03-17,81200,84000,84800,81100
SK hynix,2023-03-20,83800,83700,85100,83000
SK hynix,2023-03-21,84100,83600,85100,82900
SK hynix,2023-03-22,85200,86900,87300,83800
SK hynix,2023-03-23,85400,88500,88500,85100
SK hynix,2023-03-24,89100,87300,90700,86700
SK hynix,2023-03-27,87500,85500,87800,84700
SK hynix,2023-03-28,85300,88400,88700,85200
SK hynix,2023-03-29,87400,86900,88700,86500
SK hynix,2023-03-30,89900,88800,90500,87700
SK hynix,2023-03-31,89200,88600,89500,87600
SK hynix,2023-04-03,89700,87200,89700,86600
SK hynix,2023-04-04,85700,84500,85900,83700
SK hynix,2023-04-05,84300,84600,85700,84100
SK hynix,2023-04-06,83900,83800,84700,82700
SK hynix,2023-04-07,87900,89100,89400,86000
SK hynix,2023-04-10,88700,90700,92500,88500
SK hynix,2023-04-11,90700,91800,92200,89900
SK hynix,2023-04-12,91900,90300,92000,89700
SK hynix,2023-04-13,89500,88700,90300,88200
SK hynix,2023-04-14,90100,89300,90300,88600
SK hynix,2023-04-17,89000,88500,89000,87700
SK hynix,2023-04-18,89300,87600,89300,87300
SK hynix,2023-04-19,88000,88200,88500,86600
SK hynix,2023-04-20,86600,87700,88400,86200
SK hynix,2023-04-21,87700,89100,89800,87200
SK hynix,2023-04-24,88100,87200,88800,87000
SK hynix,2023-04-25,87500,85500,87800,83700
SK hynix,2023-04-26,86400,87400,88700,86200
SK hynix,2023-04-27,87900,88800,89200,86000
SK hynix,2023-04-28,90800,89500,91400,88700
SK hynix,2023-05-02,90900,90200,90900,88900
SK hynix,2023-05-03,89000,89800,90300,88600
SK hynix,2023-05-04,88900,88700,89600,87500
SK hynix,2023-05-08,89700,88700,90000,87700
SK hynix,2023-05-09,88400,87300,88600,86700
SK hynix,2023-05-10,87200,86900,87700,86300
SK hynix,2023-05-11,86900,86300,87300,85000
SK hynix,2023-05-12,86300,87200,87600,86200
SK hynix,2023-05-15,87000,86400,87100,85500
SK hynix,2023-05-16,89500,90400,90700,88500
SK hynix,2023-05-17,92000,91900,92000,90300
SK hynix,2023-05-18,92800,93600,94000,92000
SK hynix,2023-05-19,95000,97300,97900,94900
SK hynix,2023-05-22,97700,98200,99400,97100
SK hynix,2023-05-23,99000,97900,99000,97000
SK hynix,2023-05-24,97400,97700,97800,96300
SK hynix,2023-05-25,104300,103500,104300,101100
SK hynix,2023-05-26,107500,109200,110500,106100
SK hynix,2023-05-30,113200,110300,113400,109500
SK hynix,2023-05-31,110000,108600,110900,108500
SK hynix,2023-06-01,106000,110300,110500,106000
SK hynix,2023-06-02,111000,110300,112700,109200
SK hynix,2023-06-05,110100,108700,110500,108500
SK hynix,2023-06-07,108700,108000,109300,108000
SK hynix,2023-06-08,107000,109700,109700,106700
SK hynix,2023-06-09,110300,115400,115600,108300
SK hynix,2023-06-12,114400,114800,115800,114000
SK hynix,2023-06-13,117000,119500,120100,117000
SK hynix,2023-06-14,118800,118800,119700,118100
SK hynix,2023-06-15,120200,119000,121100,118000
SK hynix,2023-06-16,117300,118900,119800,116300
SK hynix,2023-06-19,118000,114800,118500,113500
SK hynix,2023-06-20,114000,116100,117000,113200
SK hynix,2023-06-21,116200,115100,117500,114600
SK hynix,2023-06-22,114200,114000,115900,113400
SK hynix,2023-06-23,114000,113600,115200,112500
SK hynix,2023-06-26,113100,113500,113900,111200
SK hynix,2023-06-27,114000,113000,114000,110800
SK hynix,2023-06-28,114200,114300,115200,112800
SK hynix,2023-06-29,115200,116200,117400,114500
SK hynix,2023-06-30,114600,115200,115500,113200
SK hynix,2023-07-03,115300,117600,118900,115300
SK hynix,2023-07-04,118200,117900,118400,117200
SK hynix,2023-07-05,118100,116700,118200,116100
SK hynix,2023-07-06,116000,113800,116100,113100
SK hynix,2023-07-07,112700,111800,113000,111200
SK hynix,2023-07-10,111800,110300,112900,109700
SK hynix,2023-07-11,111500,113400,113400,111200
SK hynix,2023-07-12,113200,115400,115400,112800
SK hynix,2023-07-13,115400,114100,117000,113600
SK hynix,2023-07-14,115500,118000,120200,115300
SK hynix,2023-07-17,116900,117200,118700,116000
SK hynix,2023-07-18,117500,117800,119000,116700
SK hynix,2023-07-19,118700,117500,119100,116700
SK hynix,2023-07-20,116500,116900,117500,115200
SK hynix,2023-07-21,114700,115100,115100,113200
SK hynix,2023-07-24,114100,114000,114900,112900
SK hynix,2023-07-25,114000,113400,114200,112200
SK hynix,2023-07-26,116000,113000,116100,111300
SK hynix,2023-07-27,115000,124000,124000,114100
SK hynix,2023-07-28,126200,128000,129000,122000
SK hynix,2023-07-31,128000,123400,128500,122500
SK hynix,2023-08-01,124000,125100,126400,120700
SK hynix,2023-08-02,123300,119500,124800,118700
SK hynix,2023-08-03,119000,120000,121300,117200
SK hynix,2023-08-04,118300,120100,120900,118100
SK hynix,2023-08-07,120600,121900,124900,120500
SK hynix,2023-08-08,121900,118600,122400,118300
SK hynix,2023-08-09,118500,118500,119200,117200
SK hynix,2023-08-10,117400,118500,118500,115100
SK hynix,2023-08-11,118000,115300,119400,115200
SK hynix,2023-08-14,114600,114900,117300,114000
SK hynix,2023-08-16,117200,115800,118500,115000
SK hynix,2023-08-17,114300,114800,115500,112500
SK hynix,2023-08-18,112600,117200,118700,111800
SK hynix,2023-08-21,117300,116400,118500,115600
SK hynix,2023-08-22,120000,116500,120900,114900
SK hynix,2023-08-23,116200,116000,116800,114100
SK hynix,2023-08-24,122300,120900,123600,120300
SK hynix,2023-08-25,117400,116500,118300,115300
SK hynix,2023-08-28,117000,115900,117500,115500
SK hynix,2023-08-29,118300,118600,120300,117100
SK hynix,2023-08-30,122400,119400,122800,119400
SK hynix,2023-08-31,121000,121800,122800,120000
SK hynix,2023-09-01,121400,120000,122600,119600
SK hynix,2023-09-04,118300,119200,119700,116200
SK hynix,2023-09-05,118100,119400,121000,117700
SK hynix,2023-09-06,118600,118200,120000,117800
SK hynix,2023-09-07,118200,118500,120900,117100
SK hynix,2023-09-08,117000,113700,117100,112800
SK hynix,2023-09-11,113700,115900,116000,112900
SK hynix,2023-09-12,115400,116700,117500,113900
SK hynix,2023-09-13,117900,118500,120700,116900
SK hynix,2023-09-14,118600,122200,122200,118600
SK hynix,2023-09-15,122900,122400,124400,121600
SK hynix,2023-09-18,120300,119000,122900,118800
SK hynix,2023-09-19,119400,119200,121300,118600
SK hynix,2023-09-20,118900,118000,119700,116700
SK hynix,2023-09-21,116000,116500,116900,114100
SK hynix,2023-09-22,114300,117300,117300,114200
SK hynix,2023-09-25,115900,117000,117700,115700
SK hynix,2023-09-26,117000,115000,117200,113300
SK hynix,2023-09-27,113000,114700,115200,112300
SK hynix,2023-10-04,113000,115400,116600,113000
SK hynix,2023-10-05,122900,120200,122900,118100
SK hynix,2023-10-06,120200,120400,121600,119000
SK hynix,2023-10-10,122800,119500,124300,119500
SK hynix,2023-10-11,123000,119200,123900,119200
SK hynix,2023-10-12,121100,124200,124200,120500
SK hynix,2023-10-13,123100,124700,126300,122500
SK hynix,2023-10-16,124700,124100,125200,122400
SK hynix,2023-10-17,125000,130000,130800,123500
SK hynix,2023-10-18,128600,130000,130700,127200
SK hynix,2023-10-19,127600,125700,128900,125100
SK hynix,2023-10-20,124300,126200,127200,122800
SK hynix,2023-10-23,126800,124000,127200,123500
SK hynix,2023-10-24,125400,126800,127000,123900
SK hynix,2023-10-25,127500,127500,129000,126100
SK hynix,2023-10-26,122100,120000,124800,119500
SK hynix,2023-10-27,119800,119100,120900,117500
SK hynix,2023-10-30,119100,119100,121700,118700
SK hynix,2023-10-31,119800,116300,120900,116300
SK hynix,2023-11-01,117900,120300,120300,117000
SK hynix,2023-11-02,123900,125300,125400,123100
SK hynix,2023-11-03,126500,125800,127200,125000
SK hynix,2023-11-06,125800,133000,133000,125800
SK hynix,2023-11-07,132000,130400,133500,129300
SK hynix,2023-11-08,131600,127600,132700,126600
SK hynix,2023-11-09,127700,128000,129800,126700
SK hynix,2023-11-10,127900,130500,130800,127000
SK hynix,2023-11-13,133000,131800,134100,131000
SK hynix,2023-11-14,133500,130000,133500,130000
SK hynix,2023-11-15,133900,134100,134200,132100
SK hynix,2023-11-16,133000,132300,134400,131200
SK hynix,2023-11-17,131500,129900,132000,129100
SK hynix,2023-11-20,129300,131400,132000,129300
SK hynix,2023-11-21,132000,132000,133300,131600
SK hynix,2023-11-22,129600,131300,131600,129500
SK hynix,2023-11-23,130600,130100,131400,129500
SK hynix,2023-11-24,130600,128000,131000,128000
SK hynix,2023-11-27,129200,130700,130700,128400
SK hynix,2023-11-28,132100,131400,132100,129900
SK hynix,2023-11-29,130200,130400,131000,128900
SK hynix,2023-11-30,129900,133900,133900,129900
SK hynix,2023-12-01,132200,132600,133000,130800
SK hynix,2023-12-04,133400,131100,134600,131100
SK hynix,2023-12-05,129700,125900,130000,125400
SK hynix,2023-12-06,126800,125600,127500,125400
SK hynix,2023-12-07,125600,125600,127800,124500
SK hynix,2023-12-08,128100,127500,129100,127500
SK hynix,2023-12-11,128700,128900,129100,127300
SK hynix,2023-12-12,130600,131000,131900,130500
SK hynix,2023-12-13,130000,131200,132400,130000
SK hynix,2023-12-14,133700,136700,138300,133600
SK hynix,2023-12-15,137000,140000,140000,137000
SK hynix,2023-12-18,139000,140000,140800,138900
SK hynix,2023-12-19,140000,138200,140800,138100
SK hynix,2023-12-20,139900,140500,140800,139300
SK hynix,2023-12-21,139200,140500,140600,138100
SK hynix,2023-12-22,142700,140600,143700,140600
SK hynix,2023-12-26,142000,140900,142000,139400
SK hynix,2023-12-27,140800,140400,141600,139200
SK hynix,2023-12-28,140900,141500,141600,139500
SK hynix,2024-01-02,139700,142400,142800,139700
SK hynix,2024-01-02,139700,142400,142800,139700
SK hynix,2024-01-03,140000,136800,140800,136800
SK hynix,2024-01-04,136800,136400,138800,135800
SK hynix,2024-01-05,135800,137500,137500,135800
SK hynix,2024-01-08,137500,136000,137900,135400
SK hynix,2024-01-09,139000,137400,139500,136600
SK hynix,2024-01-10,137700,133500,138100,132100
SK hynix,2024-01-11,132400,136000,137100,132400
SK hynix,2024-01-12,136400,134100,137300,133400
SK hynix,2024-01-15,134800,134100,135100,133300
SK hynix,2024-01-16,132600,132100,133700,131100
SK hynix,2024-01-17,133800,131000,134500,129000
SK hynix,2024-01-18,131500,136200,136800,130600
SK hynix,2024-01-19,138700,141300,141300,137400
SK hynix,2024-01-22,145200,142600,145400,142300
SK hynix,2024-01-23,142300,140800,142800,138300
SK hynix,2024-01-24,140000,141500,141700,137600
SK hynix,2024-01-25,142700,137400,143700,136900
SK hynix,2024-01-26,136200,136000,138600,136000
SK hynix,2024-01-29,135500,135000,137000,135000
SK hynix,2024-01-30,135300,136900,137800,134400
SK hynix,2024-01-31,134800,134700,136600,133600
SK hynix,2024-02-01,133100,132700,135600,131700
SK hynix,2024-02-02,132300,134900,135300,132200
SK hynix,2024-02-05,134900,132300,135800,131700
SK hynix,2024-02-06,133700,138000,138400,132000
SK hynix,2024-02-07,136600,138000,138500,135500
SK hynix,2024-02-08,139000,142800,143000,137900
SK hynix,2024-02-13,146800,150000,150000,145000
SK hynix,2024-02-14,146300,148700,149200,144900
SK hynix,2024-02-15,151300,148700,152700,148000
SK hynix,2024-02-16,150600,146800,150600,145700
SK hynix,2024-02-19,146200,151300,153200,146000
SK hynix,2024-02-20,150300,149600,151100,147500
SK hynix,2024-02-21,147100,149000,152200,147100
SK hynix,2024-02-22,154500,156500,156500,152600
SK hynix,2024-02-23,166900,161400,166900,159800
SK hynix,2024-02-26,158400,161800,164800,158400
SK hynix,2024-02-27,159000,153800,160000,153300
SK hynix,2024-02-28,154500,158000,159200,153800
SK hynix,2024-02-29,154900,156200,158400,154500
SK hynix,2024-03-04,161000,166500,168100,160700
SK hynix,2024-03-05,165100,165800,169000,164100
SK hynix,2024-03-06,164100,162900,165500,162700
SK hynix,2024-03-07,164500,164900,165900,161000
SK hynix,2024-03-08,169800,171900,174900,169300
SK hynix,2024-03-11,165000,166600,168900,164700
SK hynix,2024-03-12,166100,165700,167200,164000
SK hynix,2024-03-13,168600,163600,169700,162000
SK hynix,2024-03-14,163600,161900,164200,161100
SK hynix,2024-03-15,159600,161200,162900,158600
SK hynix,2024-03-18,161200,164300,164500,161000
SK hynix,2024-03-19,161700,160200,161800,157600
SK hynix,2024-03-20,160200,156500,161400,154100
SK hynix,2024-03-21,165200,170000,171400,162600
SK hynix,2024-03-22,169000,169800,173900,167400
SK hynix,2024-03-25,170500,169400,174800,168500
SK hynix,2024-03-26,172000,176600,179500,171900
SK hynix,2024-03-27,176700,181200,183000,175600
SK hynix,2024-03-28,178000,178200,182100,178000
SK hynix,2024-03-29,179200,183000,183900,177600
SK hynix,2024-04-01,186400,185500,190500,185000
SK hynix,2024-04-02,188000,186300,190000,184400
SK hynix,2024-04-03,182000,179200,183700,178200
SK hynix,2024-04-04,184400,188000,188500,184000
SK hynix,2024-04-05,184800,182800,187600,181800
SK hynix,2024-04-08,183900,181200,183900,180000
SK hynix,2024-04-09,182300,182900,185300,181700
SK hynix,2024-04-11,182900,188400,188400,182400
SK hynix,2024-04-12,188700,187400,191400,187000
SK hynix,2024-04-15,185400,188200,188400,183000
SK hynix,2024-04-16,184400,179100,185500,178300
SK hynix,2024-04-17,179600,178700,182500,177700
SK hynix,2024-04-18,176000,182300,183300,175400
SK hynix,2024-04-19,177200,173300,178500,169500
SK hynix,2024-04-22,170700,171600,172400,167000
SK hynix,2024-04-23,172600,171000,173700,169700
SK hynix,2024-04-24,178900,179800,180200,176300
SK hynix,2024-04-25,173800,170600,176700,170600
SK hynix,2024-04-26,176200,177800,178300,174900
SK hynix,2024-04-29,179100,175900,180400,175600
SK hynix,2024-04-30,175900,174200,179000,173800
SK hynix,2024-05-02,169000,173600,174700,169000
SK hynix,2024-05-03,177000,173200,177500,173200
SK hynix,2024-05-07,179400,179600,180900,179300
SK hynix,2024-05-08,177600,178000,179400,176000
SK hynix,2024-05-09,179000,175400,179400,175400
SK hynix,2024-05-10,176500,179900,180100,176400
SK hynix,2024-05-13,180000,183800,184000,179000
SK hynix,2024-05-14,184200,185300,185800,181800
SK hynix,2024-05-16,191100,193000,194000,191100
SK hynix,2024-05-17,192000,189900,193500,189900
SK hynix,2024-05-20,192300,190100,193200,188600
SK hynix,2024-05-21,193400,192000,193500,191200
SK hynix,2024-05-22,191900,197700,197700,190900
SK hynix,2024-05-23,203500,200000,204000,198200
SK hynix,2024-05-24,199800,198600,202500,197500
SK hynix,2024-05-27,203500,201500,209000,199100
SK hynix,2024-05-28,202500,202500,205500,200500
SK hynix,2024-05-29,210000,202500,210000,200500
SK hynix,2024-05-30,202500,195700,202500,195700
SK hynix,2024-05-31,194400,189200,195200,188200
SK hynix,2024-06-03,189500,194200,194600,188200
SK hynix,2024-06-04,196400,193300,196500,192900
SK hynix,2024-06-05,189400,193700,195200,188800
SK hynix,2024-06-07,199500,207500,207500,197300
SK hynix,2024-06-10,206000,208000,209500,205000
SK hynix,2024-06-11,210000,212500,215000,206000
SK hynix,2024-06-12,212000,215000,216000,211000
SK hynix,2024-06-13,226000,222000,226500,219000
SK hynix,2024-06-14,225000,221000,225000,216000
SK hynix,2024-06-17,219000,223000,229500,219000
SK hynix,2024-06-18,227000,234500,234500,227000
SK hynix,2024-06-19,235000,233500,243000,231500
SK hynix,2024-06-20,233500,237500,238500,231000
SK hynix,2024-06-21,230500,234000,234500,230000
SK hynix,2024-06-24,228000,223000,230000,220000
SK hynix,2024-06-25,215500,225000,225000,215000
SK hynix,2024-06-26,228000,237000,238500,227500
SK hynix,2024-06-27,229500,236500,239000,227500
SK hynix,2024-06-28,235500,236500,237500,232500
SK hynix,2024-07-01,233500,235500,236500,232000
SK hynix,2024-07-02,235500,232000,237000,230500
SK hynix,2024-07-03,231000,236000,236000,225000
SK hynix,2024-07-04,240500,230000,240500,225000
SK hynix,2024-07-05,228500,236000,237500,227500
SK hynix,2024-07-08,234000,233500,237000,232500
SK hynix,2024-07-09,235500,238500,241000,233000
SK hynix,2024-07-10,237500,239000,239000,234000
SK hynix,2024-07-11,242500,241000,248500,241000
SK hynix,2024-07-12,232000,233000,236000,230000
SK hynix,2024-07-15,235000,230000,235500,226500
SK hynix,2024-07-16,226500,233000,235000,224000
SK hynix,2024-07-17,229500,220500,230000,220500
SK hynix,2024-07-18,212500,212500,215000,209000
SK hynix,2024-07-19,208500,209500,214000,207000
SK hynix,2024-07-22,209000,205000,209500,200500
SK hynix,2024-07-23,208500,205000,209500,200500
SK hynix,2024-07-24,202000,208500,212500,200000
SK hynix,2024-07-25,196200,190000,198800,189000
SK hynix,2024-07-26,190800,191800,194500,186100
SK hynix,2024-07-29,195000,195600,195700,192200
SK hynix,2024-07-30,191300,188900,192200,186500
SK hynix,2024-07-31,188000,194600,195000,185200
SK hynix,2024-08-01,201500,193300,201500,193300
SK hynix,2024-08-02,183600,173200,184000,172400
SK hynix,2024-08-05,168000,156100,171200,151600
SK hynix,2024-08-06,165100,163700,166400,161500
SK hynix,2024-08-07,160900,169300,171000,157400
SK hynix,2024-08-08,162600,163400,168200,161200
SK hynix,2024-08-09,172800,171500,172800,168800
SK hynix,2024-08-12,174500,177000,179800,172600
SK hynix,2024-08-13,179900,181900,182400,178800
SK hynix,2024-08-14,188000,186700,188100,184700
SK hynix,2024-08-16,196000,199700,200000,194700
SK hynix,2024-08-19,199900,193900,199900,192400
SK hynix,2024-08-20,198700,199700,202500,198100
SK hynix,2024-08-21,193000,192600,195400,191100
SK hynix,2024-08-22,192000,191100,194400,189000
SK hynix,2024-08-23,186000,185500,189300,185400
SK hynix,2024-08-26,187800,179600,188500,179600
SK hynix,2024-08-27,176800,175000,180200,173400
SK hynix,2024-08-28,175000,179300,180800,174000
SK hynix,2024-08-29,167600,169700,171700,167200
SK hynix,2024-08-30,171000,173700,175500,169400
SK hynix,2024-09-02,173600,174000,174900,168400
SK hynix,2024-09-03,172900,168300,173800,168300
SK hynix,2024-09-04,152900,154800,159000,152900
SK hynix,2024-09-05,157000,159400,163000,156600
SK hynix,2024-09-06,157100,156400,158200,154900
SK hynix,2024-09-09,151800,157000,157700,150500
SK hynix,2024-09-10,157400,155500,161700,154300
SK hynix,2024-09-11,156800,157200,158700,154300
SK hynix,2024-09-12,165200,168800,171300,163800
SK hynix,2024-09-13,166500,162800,166700,161100
SK hynix,2024-09-19,154700,152800,155700,144700
SK hynix,2024-09-20,160500,157100,160800,155900
SK hynix,2024-09-23,155800,162000,162900,155700
SK hynix,2024-09-24,163700,163500,163700,159200
SK hynix,2024-09-25,166700,165300,169300,165000
SK hynix,2024-09-26,178400,180900,180900,176200
SK hynix,2024-09-27,187500,183800,189300,183800
SK hynix,2024-09-30,183700,174600,183800,174600
SK hynix,2024-10-02,172700,169100,175500,169100
SK hynix,2024-10-04,171700,174100,175600,170700
SK hynix,2024-10-07,178400,184900,184900,176000
SK hynix,2024-10-08,182200,178000,185000,178000
SK hynix,2024-10-10,184500,186700,188100,183400
SK hynix,2024-10-11,190000,186000,191200,185100
SK hynix,2024-10-14,186900,187500,192300,186900
SK hynix,2024-10-15,191900,192900,193200,189700
SK hynix,2024-10-16,184700,188700,192500,183600
SK hynix,2024-10-17,191200,196000,196000,188700
SK hynix,2024-10-18,198200,187300,198200,186200
SK hynix,2024-10-21,189400,190900,192300,188000
SK hynix,2024-10-22,195300,187800,195300,187500
SK hynix,2024-10-23,188500,196000,196700,188000
SK hynix,2024-10-24,193500,198200,202000,190000
SK hynix,2024-10-25,203000,201000,206000,199400
SK hynix,2024-10-28,203500,196000,205000,194200
SK hynix,2024-10-29,196000,190300,197000,189100
SK hynix,2024-10-30,190200,195000,195400,189400
SK hynix,2024-10-31,189900,186300,192900,186100
SK hynix,2024-11-01,182500,182200,184900,180500
SK hynix,2024-11-04,185200,194000,194000,183700
SK hynix,2024-11-05,193600,193200,198800,192100
SK hynix,2024-11-06,197700,195800,199200,192700
SK hynix,2024-11-07,197400,197400,198300,193100
SK hynix,2024-11-08,200500,200500,203000,198800
SK hynix,2024-11-11,199300,192600,199300,192400
SK hynix,2024-11-12,192500,185800,192500,184900
SK hynix,2024-11-13,185700,182900,189500,182600
SK hynix,2024-11-14,182900,173000,184900,171700
SK hynix,2024-11-15,174000,178200,179000,173600
SK hynix,2024-11-18,173800,171700,177800,170300
SK hynix,2024-11-19,170400,170600,172900,168100
SK hynix,2024-11-20,175000,170600,175100,170200
SK hynix,2024-11-21,168200,168800,173000,168200
SK hynix,2024-11-22,171700,176700,178200,171200
SK hynix,2024-11-25,174500,177000,179500,173900
SK hynix,2024-11-26,175200,177100,177700,174700
SK hynix,2024-11-27,175600,168300,175700,167900
SK hynix,2024-11-28,164600,161100,166300,160800
SK hynix,2024-11-29,160000,159900,162400,157600
SK hynix,2024-12-02,162200,158800,162700,158600
SK hynix,2024-12-03,159200,164900,165100,159100
SK hynix,2024-12-04,161300,168000,168000,161100
SK hynix,2024-12-05,170000,173000,175600,169300
SK hynix,2024-12-06,173500,167100,173600,165000
SK hynix,2024-12-09,167100,168900,170600,165000
SK hynix,2024-12-10,168000,170400,170400,167600
SK hynix,2024-12-11,167400,171800,171800,167000
SK hynix,2024-12-12,176500,176100,177400,173500
SK hynix,2024-12-13,174400,175500,176400,173500
SK hynix,2024-12-16,177400,179300,180400,177300
SK hynix,2024-12-17,183000,184000,184500,182100
SK hynix,2024-12-18,183400,183500,183900,181600
SK hynix,2024-12-19,173900,175000,176800,173000
SK hynix,2024-12-20,174100,168500,174800,167100
SK hynix,2024-12-23,170000,169600,173300,169600
SK hynix,2024-12-24,171700,168500,171900,168300
SK hynix,2024-12-26,170000,170100,172000,169400
SK hynix,2024-12-27,170100,174500,176000,170000
SK hynix,2024-12-30,174000,173900,175800,172400
SK hynix,2025-01-02,170500,171200,172200,170000
SK hynix,2025-01-03,174500,181900,182700,173100
SK hynix,2025-01-06,184400,199800,199800,184400
SK hynix,2025-01-07,205000,195000,206500,194800
SK hynix,2025-01-08,193100,194700,198100,191000
SK hynix,2025-01-09,201000,205000,206000,199800
SK hynix,2025-01-10,208000,203500,212500,202500
SK hynix,2025-01-13,203000,194300,203000,193900
LG ensol,2022-12-19,482500,482000,483000,473000
LG ensol,2022-12-20,478500,487500,497500,477000
LG ensol,2022-12-21,489500,477000,493000,475000
LG ensol,2022-12-22,479500,471500,481000,466500
LG ensol,2022-12-23,464000,455500,465500,455000
LG ensol,2022-12-26,454000,457500,459500,454000
LG ensol,2022-12-27,457500,457000,460000,449500
LG ensol,2022-12-28,450500,436500,450500,432500
LG ensol,2022-12-29,435500,435500,442500,432500
LG ensol,2023-01-02,442000,446000,455000,441500
LG ensol,2023-01-03,446000,440500,449500,435000
LG ensol,2023-01-04,433000,443000,445000,421000
LG ensol,2023-01-05,447000,433500,450000,433000
LG ensol,2023-01-06,429500,444000,444000,423000
LG ensol,2023-01-09,449500,464000,465000,448500
LG ensol,2023-01-10,473500,473500,484000,467000
LG ensol,2023-01-11,474000,474500,478500,469000
LG ensol,2023-01-12,481000,478000,482000,472000
LG ensol,2023-01-13,479500,478000,482000,475500
LG ensol,2023-01-16,478500,480500,480500,475500
LG ensol,2023-01-17,478500,458000,479000,454500
LG ensol,2023-01-18,464000,458000,467000,454500
LG ensol,2023-01-19,458000,456000,463000,448000
LG ensol,2023-01-20,456500,469500,471500,450500
LG ensol,2023-01-25,470000,484000,484000,470000
LG ensol,2023-01-26,485500,517000,520000,476500
LG ensol,2023-01-27,525000,506000,526000,504000
LG ensol,2023-01-30,498500,510000,515000,490000
LG ensol,2023-01-31,504000,521000,528000,501000
LG ensol,2023-02-01,527000,522000,531000,518000
LG ensol,2023-02-02,529000,533000,534000,522000
LG ensol,2023-02-03,533000,535000,541000,530000
LG ensol,2023-02-06,530000,525000,533000,521000
LG ensol,2023-02-07,520000,542000,544000,520000
LG ensol,2023-02-08,545000,546000,549000,542000
LG ensol,2023-02-09,544000,550000,550000,540000
LG ensol,2023-02-10,547000,542000,548000,535000
LG ensol,2023-02-13,536000,522000,537000,522000
LG ensol,2023-02-14,526000,525000,532000,520000
LG ensol,2023-02-15,531000,527000,543000,526000
LG ensol,2023-02-16,534000,549000,549000,531000
LG ensol,2023-02-17,540000,533000,548000,529000
LG ensol,2023-02-20,534000,516000,534000,511000
LG ensol,2023-02-21,517000,520000,522000,511000
LG ensol,2023-02-22,507000,508000,516000,504000
LG ensol,2023-02-23,511000,507000,515000,504000
LG ensol,2023-02-24,508000,511000,522000,507000
LG ensol,2023-02-27,507000,508000,512000,499000
LG ensol,2023-02-28,516000,523000,532000,515000
LG ensol,2023-03-02,520000,535000,542000,516000
LG ensol,2023-03-03,539000,538000,542000,533000
LG ensol,2023-03-06,545000,547000,547000,533000
LG ensol,2023-03-07,548000,566000,570000,543000
LG ensol,2023-03-08,559000,562000,569000,551000
LG ensol,2023-03-09,564000,549000,569000,545000
LG ensol,2023-03-10,537000,551000,553000,534000
LG ensol,2023-03-13,554000,563000,565000,549000
LG ensol,2023-03-14,560000,548000,561000,545000
LG ensol,2023-03-15,551000,565000,573000,549000
LG ensol,2023-03-16,561000,576000,578000,558000
LG ensol,2023-03-17,579000,553000,579000,550000
LG ensol,2023-03-20,546000,544000,551000,537000
LG ensol,2023-03-21,549000,546000,559000,545000
LG ensol,2023-03-22,557000,573000,577000,555000
LG ensol,2023-03-23,568000,575000,580000,566000
LG ensol,2023-03-24,577000,569000,578000,556000
LG ensol,2023-03-27,588000,574000,594000,572000
LG ensol,2023-03-28,578000,577000,579000,566000
LG ensol,2023-03-29,578000,583000,585000,577000
LG ensol,2023-03-30,587000,588000,590000,576000
LG ensol,2023-03-31,582000,584000,590000,571000
LG ensol,2023-04-03,588000,586000,590000,577000
LG ensol,2023-04-04,586000,575000,598000,572000
LG ensol,2023-04-05,575000,588000,589000,574000
LG ensol,2023-04-06,587000,580000,590000,578000
LG ensol,2023-04-07,581000,580000,590000,579000
LG ensol,2023-04-10,587000,596000,598000,584000
LG ensol,2023-04-11,600000,610000,613000,596000
LG ensol,2023-04-12,608000,590000,610000,588000
LG ensol,2023-04-13,581000,599000,599000,575000
LG ensol,2023-04-14,603000,594000,604000,586000
LG ensol,2023-04-17,588000,591000,593000,584000
LG ensol,2023-04-18,593000,592000,598000,586000
LG ensol,2023-04-19,593000,582000,593000,581000
LG ensol,2023-04-20,582000,580000,586000,575000
LG ensol,2023-04-21,577000,572000,578000,563000
LG ensol,2023-04-24,566000,566000,575000,563000
LG ensol,2023-04-25,570000,551000,575000,548000
LG ensol,2023-04-26,551000,567000,572000,550000
LG ensol,2023-04-27,573000,587000,588000,567000
LG ensol,2023-04-28,590000,581000,591000,573000
LG ensol,2023-05-02,580000,591000,592000,579000
LG ensol,2023-05-03,587000,567000,587000,566000
LG ensol,2023-05-04,563000,564000,571000,560000
LG ensol,2023-05-08,565000,558000,572000,558000
LG ensol,2023-05-09,558000,563000,567000,550000
LG ensol,2023-05-10,561000,566000,570000,559000
LG ensol,2023-05-11,568000,553000,572000,550000
LG ensol,2023-05-12,547000,547000,549000,542000
LG ensol,2023-05-15,542000,545000,546000,530000
LG ensol,2023-05-16,549000,540000,552000,538000
LG ensol,2023-05-17,538000,560000,560000,534000
LG ensol,2023-05-18,563000,562000,564000,555000
LG ensol,2023-05-19,560000,552000,561000,552000
LG ensol,2023-05-22,553000,560000,562000,547000
LG ensol,2023-05-23,564000,574000,579000,563000
LG ensol,2023-05-24,574000,585000,585000,572000
LG ensol,2023-05-25,579000,583000,591000,576000
LG ensol,2023-05-26,580000,578000,583000,575000
LG ensol,2023-05-30,583000,580000,586000,575000
LG ensol,2023-05-31,581000,599000,604000,581000
LG ensol,2023-06-01,595000,584000,597000,584000
LG ensol,2023-06-02,588000,588000,591000,586000
LG ensol,2023-06-05,590000,594000,595000,587000
LG ensol,2023-06-07,597000,604000,605000,597000
LG ensol,2023-06-08,601000,591000,602000,588000
LG ensol,2023-06-09,597000,609000,610000,597000
LG ensol,2023-06-12,614000,612000,614000,603000
LG ensol,2023-06-13,612000,607000,613000,604000
LG ensol,2023-06-14,610000,589000,614000,588000
LG ensol,2023-06-15,594000,585000,600000,581000
LG ensol,2023-06-16,591000,588000,592000,582000
LG ensol,2023-06-19,579000,561000,580000,558000
LG ensol,2023-06-20,561000,561000,568000,555000
LG ensol,2023-06-21,563000,558000,565000,556000
LG ensol,2023-06-22,556000,569000,575000,556000
LG ensol,2023-06-23,570000,563000,574000,561000
LG ensol,2023-06-26,562000,564000,567000,559000
LG ensol,2023-06-27,561000,561000,562000,556000
LG ensol,2023-06-28,561000,547000,566000,545000
LG ensol,2023-06-29,548000,550000,561000,547000
LG ensol,2023-06-30,551000,553000,556000,548000
LG ensol,2023-07-03,557000,573000,576000,556000
LG ensol,2023-07-04,573000,569000,574000,564000
LG ensol,2023-07-05,569000,567000,571000,564000
LG ensol,2023-07-06,569000,565000,572000,562000
LG ensol,2023-07-07,570000,562000,574000,556000
LG ensol,2023-07-10,564000,550000,564000,550000
LG ensol,2023-07-11,553000,550000,557000,547000
LG ensol,2023-07-12,538000,534000,539000,530000
LG ensol,2023-07-13,535000,542000,544000,534000
LG ensol,2023-07-14,544000,542000,546000,538000
LG ensol,2023-07-17,541000,538000,542000,533000
LG ensol,2023-07-18,539000,549000,553000,534000
LG ensol,2023-07-19,550000,560000,564000,546000
LG ensol,2023-07-20,560000,556000,563000,551000
LG ensol,2023-07-21,549000,569000,574000,543000
LG ensol,2023-07-24,573000,597000,602000,568000
LG ensol,2023-07-25,607000,594000,610000,585000
LG ensol,2023-07-26,595000,580000,620000,560000
LG ensol,2023-07-27,577000,540000,577000,535000
LG ensol,2023-07-28,540000,542000,552000,540000
LG ensol,2023-07-31,545000,560000,562000,545000
LG ensol,2023-08-01,562000,557000,568000,550000
LG ensol,2023-08-02,551000,544000,559000,543000
LG ensol,2023-08-03,541000,543000,551000,539000
LG ensol,2023-08-04,545000,540000,548000,540000
LG ensol,2023-08-07,540000,514000,542000,513000
LG ensol,2023-08-08,517000,525000,535000,517000
LG ensol,2023-08-09,530000,553000,553000,528000
LG ensol,2023-08-10,549000,556000,560000,543000
LG ensol,2023-08-11,559000,547000,559000,543000
LG ensol,2023-08-14,545000,542000,551000,536000
LG ensol,2023-08-16,533000,526000,540000,524000
LG ensol,2023-08-17,522000,540000,543000,522000
LG ensol,2023-08-18,534000,529000,538000,525000
LG ensol,2023-08-21,530000,526000,534000,522000
LG ensol,2023-08-22,531000,539000,542000,531000
LG ensol,2023-08-23,535000,525000,538000,525000
LG ensol,2023-08-24,532000,535000,537000,523000
LG ensol,2023-08-25,527000,546000,549000,525000
LG ensol,2023-08-28,550000,553000,553000,542000
LG ensol,2023-08-29,554000,552000,555000,546000
LG ensol,2023-08-30,557000,553000,558000,550000
LG ensol,2023-08-31,554000,544000,554000,543000
LG ensol,2023-09-01,544000,522000,544000,520000
LG ensol,2023-09-04,522000,530000,531000,520000
LG ensol,2023-09-05,528000,536000,537000,528000
LG ensol,2023-09-06,537000,527000,540000,526000
LG ensol,2023-09-07,523000,517000,529000,514000
LG ensol,2023-09-08,520000,509000,521000,505000
LG ensol,2023-09-11,512000,508000,512000,505000
LG ensol,2023-09-12,513000,499500,516000,499500
LG ensol,2023-09-13,491000,494500,502000,490000
LG ensol,2023-09-14,496500,508000,511000,495000
LG ensol,2023-09-15,506000,514000,521000,504000
LG ensol,2023-09-18,513000,507000,514000,505000
LG ensol,2023-09-19,508000,496500,511000,496000
LG ensol,2023-09-20,495000,499500,502000,494000
LG ensol,2023-09-21,497000,487000,497500,486000
LG ensol,2023-09-22,479000,491000,495000,478500
LG ensol,2023-09-25,491500,476000,491500,461500
LG ensol,2023-09-26,471500,475500,479000,468500
LG ensol,2023-09-27,469500,476500,476500,466500
LG ensol,2023-10-04,467000,456000,471500,455500
LG ensol,2023-10-05,468500,467500,477000,463000
LG ensol,2023-10-06,468000,464000,476500,462500
LG ensol,2023-10-10,467500,458500,473000,458000
LG ensol,2023-10-11,464500,492000,496500,464500
LG ensol,2023-10-12,494000,493500,501000,490000
LG ensol,2023-10-13,490000,484000,490000,480000
LG ensol,2023-10-16,479500,474000,481500,471500
LG ensol,2023-10-17,479500,475000,482500,474000
LG ensol,2023-10-18,471500,465000,472500,462000
LG ensol,2023-10-19,455500,452500,457000,450000
LG ensol,2023-10-20,445500,436500,446000,435500
LG ensol,2023-10-23,438000,436500,442500,430500
LG ensol,2023-10-24,439500,448500,449000,423000
LG ensol,2023-10-25,449000,409500,449500,409000
LG ensol,2023-10-26,398000,399500,407000,395000
LG ensol,2023-10-27,399500,400000,411000,396500
LG ensol,2023-10-30,397000,405000,413000,397000
LG ensol,2023-10-31,404500,385500,404500,382500
LG ensol,2023-11-01,389500,377500,391500,375500
LG ensol,2023-11-02,383500,391500,394000,380000
LG ensol,2023-11-03,402500,402000,404500,396500
LG ensol,2023-11-06,451500,493500,500000,435000
LG ensol,2023-11-07,488500,443000,488500,440500
LG ensol,2023-11-08,446000,437500,459500,437500
LG ensol,2023-11-09,439000,429000,447000,426500
LG ensol,2023-11-10,418500,411000,422000,411000
LG ensol,2023-11-13,413000,415500,425000,408000
LG ensol,2023-11-14,424500,437000,444000,420500
LG ensol,2023-11-15,460000,451500,460000,446000
LG ensol,2023-11-16,447500,442500,449500,439000
LG ensol,2023-11-17,436000,432000,437000,428000
LG ensol,2023-11-20,432000,444000,445500,431500
LG ensol,2023-11-21,450000,447000,452000,444000
LG ensol,2023-11-22,443000,442000,446000,437000
LG ensol,2023-11-23,440500,448500,450500,440500
LG ensol,2023-11-24,449500,442500,452500,442500
LG ensol,2023-11-27,446000,434500,447500,432500
LG ensol,2023-11-28,436500,435000,440500,434000
LG ensol,2023-11-29,440000,447000,447500,434000
LG ensol,2023-11-30,444000,454500,454500,440500
LG ensol,2023-12-01,444000,428500,448000,428500
LG ensol,2023-12-04,429500,430000,436000,428000
LG ensol,2023-12-05,425000,430000,434500,423000
LG ensol,2023-12-06,430500,424500,435000,424500
LG ensol,2023-12-07,428000,426500,429500,420000
LG ensol,2023-12-08,431500,430500,436000,427500
LG ensol,2023-12-11,434000,428500,434000,427000
LG ensol,2023-12-12,427000,424500,430500,424000
LG ensol,2023-12-13,423000,410000,424500,409500
LG ensol,2023-12-14,419500,422500,422500,415000
LG ensol,2023-12-15,426500,422000,431000,422000
LG ensol,2023-12-18,429500,422000,430000,422000
LG ensol,2023-12-19,422000,426000,428000,419000
LG ensol,2023-12-20,429000,432500,434000,428000
LG ensol,2023-12-21,428500,423000,430000,421000
LG ensol,2023-12-22,425500,419500,425500,419000
LG ensol,2023-12-26,423500,415500,423500,415000
LG ensol,2023-12-27,417000,421000,422000,417000
LG ensol,2023-12-28,421500,427500,427500,421000
LG ensol,2024-01-02,425000,429500,429500,422000
LG ensol,2024-01-02,425000,429500,429500,422000
LG ensol,2024-01-03,425500,416000,426000,416000
LG ensol,2024-01-04,414000,419000,419000,410000
LG ensol,2024-01-05,416500,416000,420500,414500
LG ensol,2024-01-08,419500,415000,419500,414500
LG ensol,2024-01-09,419500,417500,419500,415000
LG ensol,2024-01-10,417500,410500,417500,405500
LG ensol,2024-01-11,409500,415500,420000,409500
LG ensol,2024-01-12,415000,413000,415500,409000
LG ensol,2024-01-15,409000,399500,409500,397000
LG ensol,2024-01-16,396500,400500,404000,394500
LG ensol,2024-01-17,400000,390000,400500,387000
LG ensol,2024-01-18,390000,390500,399000,387000
LG ensol,2024-01-19,390500,383500,397000,378500
LG ensol,2024-01-22,383500,372000,387000,371500
LG ensol,2024-01-23,370500,373500,379000,370500
LG ensol,2024-01-24,372500,380500,385000,370500
LG ensol,2024-01-25,375000,368000,375500,363000
LG ensol,2024-01-26,364000,381000,392000,362000
LG ensol,2024-01-29,385000,377500,387000,377500
LG ensol,2024-01-30,382500,375000,387500,373000
LG ensol,2024-01-31,379000,381000,387500,377000
LG ensol,2024-02-01,378000,381500,383000,373000
LG ensol,2024-02-02,384500,387500,392500,381500
LG ensol,2024-02-05,389000,389000,393000,385500
LG ensol,2024-02-06,385000,377000,387500,376000
LG ensol,2024-02-07,382000,386000,394000,382000
LG ensol,2024-02-08,397500,394000,397500,386500
LG ensol,2024-02-13,395000,393500,395500,390000
LG ensol,2024-02-14,390000,388000,390000,380000
LG ensol,2024-02-15,393500,395500,397500,389000
LG ensol,2024-02-16,401500,410000,412000,401000
LG ensol,2024-02-19,412000,397500,412500,395500
LG ensol,2024-02-20,397500,404000,404500,392000
LG ensol,2024-02-21,402500,407000,408000,398000
LG ensol,2024-02-22,410000,408500,415500,405000
LG ensol,2024-02-23,411500,402000,411500,402000
LG ensol,2024-02-26,402500,409500,414000,402000
LG ensol,2024-02-27,413500,403500,417000,400500
LG ensol,2024-02-28,403500,400500,408500,399500
LG ensol,2024-02-29,399000,401500,407000,394000
LG ensol,2024-03-04,401000,398500,406000,398500
LG ensol,2024-03-05,396000,387500,398500,387000
LG ensol,2024-03-06,386500,387000,391000,386000
LG ensol,2024-03-07,391000,399500,402000,387500
LG ensol,2024-03-08,403500,402500,406500,399500
LG ensol,2024-03-11,402500,400500,407000,399000
LG ensol,2024-03-12,404500,419500,420000,404500
LG ensol,2024-03-13,419500,418500,422000,415000
LG ensol,2024-03-14,416500,416000,417000,405000
LG ensol,2024-03-15,407000,398500,410000,398500
LG ensol,2024-03-18,402000,407500,408500,401000
LG ensol,2024-03-19,412000,403000,412000,402000
LG ensol,2024-03-20,405000,407500,410000,404000
LG ensol,2024-03-21,409500,413500,414000,409000
LG ensol,2024-03-22,410500,413500,415500,409000
LG ensol,2024-03-25,416500,414500,417000,412000
LG ensol,2024-03-26,417000,406000,417500,405500
LG ensol,2024-03-27,406000,409000,412500,404500
LG ensol,2024-03-28,410000,401500,411000,401000
LG ensol,2024-03-29,401500,395000,402500,393000
LG ensol,2024-04-01,395000,395500,398500,392500
LG ensol,2024-04-02,395500,393000,400000,392500
LG ensol,2024-04-03,391500,376000,391500,376000
LG ensol,2024-04-04,379500,379500,384000,376000
LG ensol,2024-04-05,375500,376000,380000,373000
LG ensol,2024-04-08,374000,373000,375500,358000
LG ensol,2024-04-09,376500,374000,382500,372500
LG ensol,2024-04-11,368500,380000,380000,365000
LG ensol,2024-04-12,380000,371500,381500,371500
LG ensol,2024-04-15,367000,373000,377000,365500
LG ensol,2024-04-16,368000,366000,372500,366000
LG ensol,2024-04-17,366000,364500,372000,364000
LG ensol,2024-04-18,364000,377000,378500,364000
LG ensol,2024-04-19,372000,367000,372000,364500
LG ensol,2024-04-22,373000,378500,378500,369000
LG ensol,2024-04-23,377000,370000,379000,370000
LG ensol,2024-04-24,380500,385000,389500,378000
LG ensol,2024-04-25,380000,372500,381000,372000
LG ensol,2024-04-26,373000,372000,375000,367500
LG ensol,2024-04-29,375000,378500,378500,372000
LG ensol,2024-04-30,382500,389000,390000,382500
LG ensol,2024-05-02,385000,389000,392000,381000
LG ensol,2024-05-03,391000,391000,394000,387000
LG ensol,2024-05-07,394500,391500,397000,390500
LG ensol,2024-05-08,391000,393000,395000,387500
LG ensol,2024-05-09,390000,388500,393000,383000
LG ensol,2024-05-10,390500,383500,390500,383500
LG ensol,2024-05-13,384000,381500,384500,379000
LG ensol,2024-05-14,382500,385500,388000,382500
LG ensol,2024-05-16,389000,381500,390000,381500
LG ensol,2024-05-17,381500,376500,384000,376000
LG ensol,2024-05-20,379000,372000,379500,370000
LG ensol,2024-05-21,367500,364500,370000,364000
LG ensol,2024-05-22,366500,364000,369500,364000
LG ensol,2024-05-23,364000,362000,366000,360000
LG ensol,2024-05-24,358500,356000,359000,355500
LG ensol,2024-05-27,357000,364500,366000,355500
LG ensol,2024-05-28,363500,360000,363500,359000
LG ensol,2024-05-29,356500,342000,361000,342000
LG ensol,2024-05-30,342000,328000,343500,326000
LG ensol,2024-05-31,331500,331000,335500,328000
LG ensol,2024-06-03,330500,332000,341000,329500
LG ensol,2024-06-04,329500,336500,340000,329000
LG ensol,2024-06-05,339000,351500,359500,338000
LG ensol,2024-06-07,355000,359000,360000,352500
LG ensol,2024-06-10,355500,353000,358500,350000
LG ensol,2024-06-11,354000,356500,365000,353000
LG ensol,2024-06-12,356500,351500,361000,350500
LG ensol,2024-06-13,356000,363000,363000,349000
LG ensol,2024-06-14,363000,349000,363000,349000
LG ensol,2024-06-17,345000,336500,346000,336500
LG ensol,2024-06-18,340000,331000,343500,331000
LG ensol,2024-06-19,332500,343000,344500,332000
LG ensol,2024-06-20,343000,340000,346000,340000
LG ensol,2024-06-21,338000,333000,343000,333000
LG ensol,2024-06-24,334000,331000,336000,330500
LG ensol,2024-06-25,334000,331000,336000,331000
LG ensol,2024-06-26,330500,331000,338000,330000
LG ensol,2024-06-27,331500,328000,334000,327500
LG ensol,2024-06-28,327000,326500,331500,322500
LG ensol,2024-07-01,328000,347000,348500,325500
LG ensol,2024-07-02,353000,343500,362000,341500
LG ensol,2024-07-03,360000,358000,369500,353000
LG ensol,2024-07-04,364000,359000,367000,355500
LG ensol,2024-07-05,359000,357500,361500,352000
LG ensol,2024-07-08,358000,358500,364000,352500
LG ensol,2024-07-09,359000,363000,370000,358000
LG ensol,2024-07-10,363000,362000,367000,360500
LG ensol,2024-07-11,364500,375000,375000,357500
LG ensol,2024-07-12,371000,373000,375000,368500
LG ensol,2024-07-15,373000,358500,373500,357500
LG ensol,2024-07-16,359000,346500,360000,343000
LG ensol,2024-07-17,346000,336500,348000,335500
LG ensol,2024-07-18,333000,335000,342500,331500
LG ensol,2024-07-19,335000,345500,347500,335000
LG ensol,2024-07-22,343000,328500,343000,328000
LG ensol,2024-07-23,330500,326000,333500,324000
LG ensol,2024-07-24,324000,321500,330000,320000
LG ensol,2024-07-25,315000,332500,342500,313000
LG ensol,2024-07-26,332000,325000,334000,322500
LG ensol,2024-07-29,323500,329500,333000,321500
LG ensol,2024-07-30,326000,333000,342000,326000
LG ensol,2024-07-31,334000,324000,335000,323000
LG ensol,2024-08-01,325000,333500,337000,322000
LG ensol,2024-08-02,326000,336000,337500,324000
LG ensol,2024-08-05,332500,322000,340000,311000
LG ensol,2024-08-06,331500,337000,342000,328000
LG ensol,2024-08-07,332500,324500,338500,322500
LG ensol,2024-08-08,324500,321000,325500,311000
LG ensol,2024-08-09,323000,322000,329000,317000
LG ensol,2024-08-12,321000,328500,330000,321000
LG ensol,2024-08-13,325500,329500,331500,322000
LG ensol,2024-08-14,334000,337000,342000,332000
LG ensol,2024-08-16,343500,336500,344500,335500
LG ensol,2024-08-19,336500,329500,336500,328000
LG ensol,2024-08-20,333000,330000,334000,327000
LG ensol,2024-08-21,333000,350000,353000,332000
LG ensol,2024-08-22,351500,363000,364000,348500
LG ensol,2024-08-23,359500,359000,366000,357000
LG ensol,2024-08-26,365500,378000,378000,361500
LG ensol,2024-08-27,378500,376500,383000,371500
LG ensol,2024-08-28,375000,368500,379000,366500
LG ensol,2024-08-29,371000,391000,394000,370000
LG ensol,2024-08-30,391000,388000,391500,381500
LG ensol,2024-09-02,392000,412000,416500,392000
LG ensol,2024-09-03,416500,411000,419000,407000
LG ensol,2024-09-04,399000,399500,410000,396500
LG ensol,2024-09-05,410500,410000,418000,401000
LG ensol,2024-09-06,412000,395000,412500,392500
LG ensol,2024-09-09,388500,399500,404000,386000
LG ensol,2024-09-10,398500,379500,400000,378000
LG ensol,2024-09-11,380500,399000,402500,380500
LG ensol,2024-09-12,403500,414000,414000,395000
LG ensol,2024-09-13,413500,399500,414000,399500
LG ensol,2024-09-19,405000,391500,409500,391000
LG ensol,2024-09-20,398500,393500,407000,392500
LG ensol,2024-09-23,397000,397000,402500,390500
LG ensol,2024-09-24,401000,413000,413000,401000
LG ensol,2024-09-25,415000,413500,420000,409000
LG ensol,2024-09-26,410500,413500,415500,402500
LG ensol,2024-09-27,413000,414500,418000,406500
LG ensol,2024-09-30,419500,414500,430000,414500
LG ensol,2024-10-02,409500,408500,421500,408500
LG ensol,2024-10-04,403500,403500,406000,396000
LG ensol,2024-10-07,413500,420000,426000,409000
LG ensol,2024-10-08,416500,436500,444000,412000
LG ensol,2024-10-10,432000,427000,433000,421000
LG ensol,2024-10-11,426500,411000,428500,408500
LG ensol,2024-10-14,407500,406000,413500,402500
LG ensol,2024-10-15,407500,403500,409000,389500
LG ensol,2024-10-16,415000,404500,415000,404500
LG ensol,2024-10-17,403000,397000,411000,397000
LG ensol,2024-10-18,396500,388500,399000,385000
LG ensol,2024-10-21,389000,389500,393500,387500
LG ensol,2024-10-22,386500,381500,388000,376500
LG ensol,2024-10-23,381500,403000,405500,381500
LG ensol,2024-10-24,411000,406500,419000,403000
LG ensol,2024-10-25,419000,407000,419000,406500
LG ensol,2024-10-28,403000,416500,417500,403000
LG ensol,2024-10-29,410000,409000,412500,400500
LG ensol,2024-10-30,406500,411500,417500,405000
LG ensol,2024-10-31,408000,407500,417000,404500
LG ensol,2024-11-01,405000,412500,419000,404500
LG ensol,2024-11-04,417000,426000,427000,408000
LG ensol,2024-11-05,422000,420000,425500,416500
LG ensol,2024-11-06,426500,390500,429000,386000
LG ensol,2024-11-07,389000,386000,391000,375000
LG ensol,2024-11-08,394500,398500,408500,394000
LG ensol,2024-11-11,435000,416000,435500,415000
LG ensol,2024-11-12,418000,427000,433500,416000
LG ensol,2024-11-13,421500,412000,425000,411500
LG ensol,2024-11-14,421500,422000,423000,405000
LG ensol,2024-11-15,403000,371000,403500,371000
LG ensol,2024-11-18,375000,383500,385500,375000
LG ensol,2024-11-19,384500,393500,395500,380500
LG ensol,2024-11-20,393500,400500,402500,390000
LG ensol,2024-11-21,399000,400500,406500,394500
LG ensol,2024-11-22,403500,405000,409500,402000
LG ensol,2024-11-25,410000,419500,425000,408000
LG ensol,2024-11-26,417000,406000,422000,405000
LG ensol,2024-11-27,408500,400500,414000,399500
LG ensol,2024-11-28,400000,402500,405500,399000
LG ensol,2024-11-29,400000,381500,402500,380000
LG ensol,2024-12-02,387000,391500,397500,385000
LG ensol,2024-12-03,393500,397000,401000,385000
LG ensol,2024-12-04,391000,389000,395000,384500
LG ensol,2024-12-05,389000,382000,395000,382000
LG ensol,2024-12-06,383000,390500,397000,383000
LG ensol,2024-12-09,385500,387500,397500,379500
LG ensol,2024-12-10,392000,385000,396000,384500
LG ensol,2024-12-11,388000,378000,391000,376500
LG ensol,2024-12-12,383000,404500,404500,374000
LG ensol,2024-12-13,396000,400000,400000,389500
LG ensol,2024-12-16,399000,398000,402500,394500
LG ensol,2024-12-17,398500,382500,405000,378500
LG ensol,2024-12-18,384000,381500,386000,380000
LG ensol,2024-12-19,373500,372000,380000,368000
LG ensol,2024-12-20,375000,357500,377000,356000
LG ensol,2024-12-23,359000,359000,361500,345000
LG ensol,2024-12-24,361500,350000,362000,350000
LG ensol,2024-12-26,351500,344500,352000,343500
LG ensol,2024-12-27,341000,348000,350500,340500
LG ensol,2024-12-30,345000,348000,358500,345000
LG ensol,2025-01-02,348500,346000,352500,342500
LG ensol,2025-01-03,343000,356000,360500,343000
LG ensol,2025-01-06,358000,361500,365500,353500
LG ensol,2025-01-07,363500,365500,372000,361500
LG ensol,2025-01-08,364500,373500,376000,364000
LG ensol,2025-01-09,371500,358500,373000,348500
LG ensol,2025-01-10,356000,348500,357500,348000
LG ensol,2025-01-13,346500,347500,350500,345500
